Código,Ideologia,Sexo,Dominancia,Edad,Nombre,ID,Texto,DEPARTAMENTO,COD_DPTO,MUNICIPIO,COD_MCPIO,Cod_candidato,NOMBRE,Votos,PARTIDO,COD_PARTIDO,GENERO,EDAD,age (estimada),gender (estimado),blurness,facequality,yaw_angle,pitch_angle,roll_angle,BD,alto,ancho,fhwr,alto_rot,ancho_rot,fhwr_rot,alto_correg,ancho_correg,fhwr_correg,ranking,partidoFE,ideologia_cat,fhwr_cat,combo_id
CFAJ,Centro,Femenino,Alta,Joven,DALGY BIBIANA RICO ANGEL,10128905,"Ideología: Centro. Sus focos son: Participación ciudadana, Educación y Agro y desarrollo rural.",ANTIOQUIA,101,VALPARAISO,289,05,DALGY BIBIANA RICO ANGEL,844,COMPROMISO Y GESTION POR VALPARAISO,2365,F,31,22,Male,"0,393","87,766","-6,7836285","4,43129","-8,685336","1,259",74,179,"2,418918919",96,179,"1,864583333","91,87896997","184,346713","2,006408137",2,0,,1,
CFAJ,Centro,Femenino,Alta,Joven,DIANA LETICIA SALAS MARTINEZ,212805,"Ideología: Centro. Sus focos son: Educación, Empleo y emprendimiento y Infraestructura y vías.",MAGDALENA,21,EL PIÑON,28,05,DIANA LETICIA SALAS MARTINEZ,11,PARTIDO ALIANZA VERDE,4,F,29,27,Female,"1,162","90,465","-5,17133","-2,5107944","-10,472692","0,64",60,138,"2,3",71,138,"1,943661972","68,27060955","140,7906204","2,062243494",6,Alianza Verde,Izquierda,1,32
CFAJ,Centro,Femenino,Alta,Joven,INDIRA GONZALEZ ESTRADA,1034610,"Ideología: Centro. Sus focos son: Cultura, deporte y recreación, Mujer, género y equidad y Participación ciudadana.",ATLANTICO,103,SABANALARGA,46,10,INDIRA GONZALEZ ESTRADA,723,PARTIDO ALIANZA SOCIAL INDEPENDIENTE ASI,6,F,43,37,Female,"1,084","87,814","3,1114714","-11,954762","-4,1151333","15,791",78,166,"2,128205128",81,166,"2,049382716","80,88462372","165,859073","2,050563696",3,ASI,Izquierda,1,34
CFAM,Centro,Femenino,Alta,Mayor,DALMA OSPINO PEREZ,1230008,"Ideología: Centro. Sus focos son: Agua y saneamiento, Empleo y emprendimiento y Grupos etnicos.",CESAR,12,CHIMICHAGUA,300,08,DALMA OSPINO PEREZ,4444,PARTIDO SOCIAL DE UNIDAD NACIONAL  PARTIDO DE LA U,8,F,48,53,Female,"0,227","0,663","25,748198","-14,193075","-19,612932","29,324",46,105,"2,282608696",63,105,"1,666666667","56,32387037","109,9849984","1,952724442",2,De la U,Centro,1,22
CFAM,Centro,Femenino,Alta,Mayor,MARIA ELPIDIA MONSALVE GRACIANO,10128201,"Ideología: Centro. Sus focos son: Participación ciudadana, Cultura, deporte y recreación y Agua y saneamiento.",ANTIOQUIA,101,URAMITA,282,01,MARIA ELPIDIA MONSALVE GRACIANO,1824,PARTIDO LIBERAL COLOMBIANO,1,F,57,39,Female,"0,364","84,41","-8,162069","5,7123756","11,830824","41,946",98,211,"2,153061224",112,211,"1,883928571","106,7844083","210,6182287","1,972368738",2,Liberal,Derecha,1,28
CFAM,Centro,Femenino,Alta,Mayor,DIANA MIRELLA MONTENEGRO DAZA,1077803,"Ideología: Centro. Sus focos son: Agro y desarrollo rural, Mujer, género y equidad y Participación ciudadana.",BOYACA,107,CHIVOR,78,03,DIANA MIRELLA MONTENEGRO DAZA,108,PARTIDO CAMBIO RADICAL,3,F,46,63,Female,"0,3","79,868","10,037354","-4,93061","14,980892","0,818",75,160,"2,133333333",98,160,"1,632653061","91,57967697","167,228282","1,826041405",4,Cambio Radical,Centro,1,24
CFBJ,Centro,Femenino,Baja,Joven,MARIBEL GUISAO DIAZ,1017604,"Ideología: Centro. Sus focos son: Cultura, deporte y recreación, Educación y Salud.",ANTIOQUIA,101,CAÑASGORDAS,76,04,MARIBEL GUISAO DIAZ,13,PARTIDO ALIANZA SOCIAL INDEPENDIENTE ASI,6,F,41,41,Female,"1,266","72,54","-12,442648","0,21223532","9,604077","15,119",90,126,"1,4",101,126,"1,247524752","96,41316482","126,0692331","1,307593557",4,ASI,Izquierda,0,33
CFBJ,Centro,Femenino,Baja,Joven,SANDRA MILENA GUTIERREZ MORALES,217906,"Ideología: Centro. Sus focos son: Primera infancia y familia, Educación y Seguridad y convivencia.",MAGDALENA,21,SITIONUEVO,79,06,SANDRA MILENA GUTIERREZ MORALES,59,PARTIDO CAMBIO RADICAL,3,F,40,40,Female,"0,375","85,72","-6,827391","7,9419675","1,9190509","47,161",114,165,"1,447368421",115,165,"1,434782609","116,3419755","164,9074575","1,417437317",7,Cambio Radical,Centro,0,21
CFBJ,Centro,Femenino,Baja,Joven,CATALINA MARIA LOPERA POSADA,10115005,"Ideología: Centro. Sus focos son: Participación ciudadana, Salud y Empleo y emprendimiento.",ANTIOQUIA,101,HISPANIA,150,05,CATALINA MARIA LOPERA POSADA,10,PARTIDO ALIANZA SOCIAL INDEPENDIENTE ASI,6,F,41,37,Female,"0,259","67,809","13,340733","1,8210282","-5,8063626","6,654",99,147,"1,484848485",103,147,"1,427184466","102,5387496","146,1446469","1,425262619",7,ASI,Izquierda,0,33
CFBM,Centro,Femenino,Baja,Mayor,TULIA MARIA DE LAS MERCEDES BARRETO DE GURISATTI,312206,"Ideología: Centro. Sus focos son: Agua y saneamiento, Cultura, deporte y recreación y Paz y posconflicto.",VALLE,31,Guadalajara de Buga,22,06,TULIA MARIA DE LAS MERCEDES BARRETO DE GURISATTI,1566,BUGA HUMANA,3820,F,70,66,Female,"0,359","93,696","0,39352816","5,267044","-0,43452626","2,703",102,148,"1,450980392",104,148,"1,423076923","103,6936555","148,0109115","1,427386379",4,0,,0,
CFBM,Centro,Femenino,Baja,Mayor,LEVIS DANITH MONTIEL ACOSTA,2820006,"Ideología: Centro. Sus focos son: Agua y saneamiento, Agro y desarrollo rural y Cultura, deporte y recreación.",SUCRE,28,SAN MARCOS,200,06,LEVIS DANITH MONTIEL ACOSTA,1160,PARTIDO DE REIVINDICACIÃ“N Ã‰TNICA PRE,17,F,49,45,Female,"0,365","88,935","3,815207","9,830147","-1,3407906","43,227",92,137,"1,489130435",93,137,"1,47311828","92,72358118","136,8688937","1,476095853",5,0,,0,
CFBM,Centro,Femenino,Baja,Mayor,GLORIA FANNY CAUPAZ FLOREZ,194904,"Ideología: Centro. Sus focos son: Mujer, género y equidad, Agua y saneamiento y Empleo y emprendimiento.",HUILA,19,LA PLATA,49,04,GLORIA FANNY CAUPAZ FLOREZ,7206,PARTIDO CONSERVADOR COLOMBIANO  - AV,4327,F,50,47,Female,"0,078","44,209","16,826853","1,1717641","-2,1776803","56,835",93,142,"1,52688172",93,142,"1,52688172","94,14878822","141,6314571","1,504336484",2,0,,0,
CMAJ,Centro,Masculino,Alta,Joven,JHON JAIRO GUTIERREZ PRETEL,173803,"Ideología: Centro. Sus focos son: Grupos etnicos, Participación ciudadana y Mujer, género y equidad.",CHOCO,17,EL LITORAL DEL SAN JUAN,38,03,JHON JAIRO GUTIERREZ PRETEL,1667,PARTIDO ALIANZA VERDE,4,M,42,49,Male,"1,13","48,268","16,222786","0,9361081","-23,89153","1,202",39,95,"2,435897436",56,95,"1,696428571","50,64347751","99,82002024","1,971034083",2,Alianza Verde,Izquierda,1,16
CMAJ,Centro,Masculino,Alta,Joven,SERGUEY ALFREDO VERGARA VERGARA,284204,"Ideología: Centro. Sus focos son: Participación ciudadana, Medio ambiente y Primera infancia y familia.",SUCRE,28,EL ROBLE,42,04,SERGUEY ALFREDO VERGARA VERGARA,3236,PARTIDO SOCIAL DE UNIDAD NACIONAL  PARTIDO DE LA U,8,M,40,47,Male,"0,258","41,191","17,109182","-2,1733773","-18,046333","7,769",74,172,"2,324324324",99,172,"1,737373737","88,327254","174,6909813","1,977769866",1,De la U,Centro,1,4
CMAJ,Centro,Masculino,Alta,Joven,ALEX HERNAN OCAMPO RODRIGUEZ,540701,"Ideología: Centro. Sus focos son: Agro y desarrollo rural, Participación ciudadana y Empleo y emprendimiento.",GUAVIARE,54,EL RETORNO,07,01,ALEX HERNAN OCAMPO RODRIGUEZ,2872,UNIDOS POR EL PROGRESO Y DESARROLLO DEL RETORNO,3386,M,32,42,Male,"0,279","90,96","-3,8850567","5,9307837","0,013835135","2,328",73,164,"2,246575342",73,164,"2,246575342","73,00917368","163,9985464","2,246273148",2,0,Derecha,1,10
CMAM,Centro,Masculino,Alta,Mayor,JORGE ENRIQUE CASTELLAR SCHMITH,1057607,"Ideología: Centro. Sus focos son: Participación ciudadana, Infraestructura y vías y Agro y desarrollo rural.",BOLIVAR,105,SAN JACINTO,76,07,JORGE ENRIQUE CASTELLAR SCHMITH,8158,PARTIDO ALIANZA SOCIAL INDEPENDIENTE ASI,6,M,49,52,Male,"0,798","77,245","10,541581","-5,7630653","-5,831015","5,083",77,173,"2,246753247",84,173,"2,05952381","81,68133247","172,9176324","2,116978594",1,ASI,Izquierda,1,16
CMAM,Centro,Masculino,Alta,Mayor,ALVARO GONZALEZ AVILA,1013702,"Ideología: Centro. Sus focos son: Empleo y emprendimiento, Cultura, deporte y recreación y Participación ciudadana.",ANTIOQUIA,101,ARBOLETES,37,02,ALVARO GONZALEZ AVILA,7259,ARBOLETES ASUNTO DE TODOS,2673,M,50,44,Male,"0,345","80,182","9,945602","-4,853803","-11,946956","3,537",97,217,"2,237113402",119,217,"1,823529412","109,3893703","219,5449186","2,007004136",2,0,,1,
CMAM,Centro,Masculino,Alta,Mayor,MAURICIO VELASQUEZ MEZA,1098201,"Ideología: Centro. Sus focos son: Educación, Salud y Agro y desarrollo rural.",CALDAS,109,PALESTINA,82,01,MAURICIO VELASQUEZ MEZA,2308,PARTIDO LIBERAL COLOMBIANO,1,M,47,41,Male,"1,022","93,598","1,8999699","-1,4463915","8,411382","57,832",68,152,"2,235294118",83,152,"1,831325301","78,15764557","153,8756898","1,968786146",2,Liberal,Derecha,1,10
CMBJ,Centro,Masculino,Baja,Joven,DIEGO ANDRES LOPEZ SUAREZ,156703,"Ideología: Centro. Sus focos son: Educación, Cultura, deporte y recreación y Empleo y emprendimiento.",CUNDINAMARCA,15,EL COLEGIO,67,03,DIEGO ANDRES LOPEZ SUAREZ,4899,MESITAS SEGUIRA AVANZANDO,4221,M,36,47,Male,"0,35","80,077","8,631894","9,674984","-3,4609218","0,601",136,188,"1,382352941",137,188,"1,372262774","139,2252179","187,5967586","1,347433759",2,0,,0,
CMBJ,Centro,Masculino,Baja,Joven,FRANKI JUTINICO LANCHEROS,2912706,"Ideología: Centro. Sus focos son: Participación ciudadana, Cultura, deporte y recreación y Salud.",TOLIMA,29,VILLARRICA,127,06,FRANKI JUTINICO LANCHEROS,17,PARTIDO ALIANZA VERDE,4,M,42,43,Male,"0,359","66,099","7,490429","18,845207","-1,8962249","2,291",118,167,"1,415254237",118,167,"1,415254237","119,358224","166,8754612","1,398106101",8,Alianza Verde,Izquierda,0,15
CMBJ,Centro,Masculino,Baja,Joven,CESAR AUGUSTO BERMUDEZ PAZ,297601,"Ideología: Centro. Sus focos son: Paz y posconflicto, Educación y Empleo y emprendimiento.",TOLIMA,29,Mariquita,76,01,CESAR AUGUSTO BERMUDEZ PAZ,550,PARTIDO LIBERAL COLOMBIANO,1,M,42,49,Male,"0,387","87,978","6,126684","6,191216","-3,2637303","6,198",102,146,"1,431372549",108,146,"1,351851852","105,6044805","146,1617205","1,384048477",7,Liberal,Derecha,0,9
CMBM,Centro,Masculino,Baja,Mayor,FRANCISCO HERNANDO HERNANDEZ RODRIGUEZ,281006,"Ideología: Centro. Sus focos son: Participación ciudadana, Empleo y emprendimiento y Infraestructura y vías.",SUCRE,28,BUENAVISTA,10,06,FRANCISCO HERNANDO HERNANDEZ RODRIGUEZ,158,PARTIDO SOCIAL DE UNIDAD NACIONAL  PARTIDO DE LA U,8,M,67,54,Male,"0,434","92,986","-2,59908","2,8451343","5,9556427","7,46",87,120,"1,379310345",87,120,"1,379310345","89,64317411","119,1447856","1,329100478",4,De la U,Centro,0,3
CMBM,Centro,Masculino,Baja,Mayor,ORLANDO HINESTROZA MOSQUERA,171103,"Ideología: Centro. Sus focos son: Mujer, género y equidad, Agro y desarrollo rural y Participación ciudadana.",CHOCO,17,BOJAYA,11,03,ORLANDO HINESTROZA MOSQUERA,9,PARTIDO CAMBIO RADICAL,3,M,53,56,Male,"0,322","94,077","0,5296137","3,5385559","0,10976691","13,264",102,143,"1,401960784",104,143,"1,375","103,9212616","142,9997376","1,376039275",4,Cambio Radical,Centro,0,3
CMBM,Centro,Masculino,Baja,Mayor,JORGE MARTINEZ GALVIS,278503,"Ideología: Centro. Sus focos son: Seguridad y convivencia, Empleo y emprendimiento y Medio ambiente.",SANTANDER,27,GALAN,85,03,JORGE MARTINEZ GALVIS,882,PARTIDO ALIANZA VERDE,4,M,50,39,Male,"0,353","86,187","5,9260063","9,508349","-3,274809","23,72",123,174,"1,414634146",125,174,"1,392","125,9981493","174,1728637","1,382344619",2,Alianza Verde,Izquierda,0,15
DFAJ,Derecha,Femenino,Alta,Joven,NATALIA LORENA OSORIO TORRES,290401,"Ideología: Derecha. Sus focos son: Agro y desarrollo rural, Empleo y emprendimiento y Infraestructura y vías.",TOLIMA,29,ALPUJARRA,04,01,NATALIA LORENA OSORIO TORRES,357,PARTIDO CENTRO DEMOCRATICO,11,F,26,35,Female,"0,596","69,858","13,068836","0,32347435","14,759718","6,053",60,136,"2,266666667",84,136,"1,619047619","79,6996345","144,5054371","1,813125468",3,Centro Democrático,Derecha,1,28
DFAJ,Derecha,Femenino,Alta,Joven,CAROLINA SANCHEZ CERVERA,316103,"Ideología: Derecha. Sus focos son: Cultura, deporte y recreación, Participación ciudadana y Empleo y emprendimiento.",VALLE,31,GUACARI,61,03,CAROLINA SANCHEZ CERVERA,141,PARTIDO CENTRO DEMOCRATICO,11,F,33,38,Female,"0,359","93,839","1,6135954","1,9158176","-9,008887","3,841",87,179,"2,057471264",102,179,"1,754901961","95,57434178","181,0197344","1,894020205",5,Centro Democrático,Derecha,1,28
DFAJ,Derecha,Femenino,Alta,Joven,LUZ AMANDA RODRIGUEZ SALAMANCA,1078801,"Ideología: Derecha. Sus focos son: Empleo y emprendimiento, Educación y Cultura, deporte y recreación.",BOYACA,107,FIRAVITOBA,88,01,LUZ AMANDA RODRIGUEZ SALAMANCA,1431,PARTIDO CENTRO DEMOCRATICO,11,F,35,35,Female,"0,363","82,658","9,810558","-0,80568993","-6,485442","48,653",99,198,2,109,198,"1,816513761","104,4657991","198,3142268","1,898365098",2,Centro Democrático,Derecha,1,28
DFAM,Derecha,Femenino,Alta,Mayor,NANCY AMPARO AVENDAÑO MORENO,10117201,"Ideología: Derecha. Sus focos son: Infraestructura y vías, Cultura, deporte y recreación y Educación.",ANTIOQUIA,101,LIBORINA,172,01,NANCY AMPARO AVENDAÑO MORENO,728,PARTIDO CENTRO DEMOCRATICO,11,F,50,36,Female,"0,361","77,022","11,517969","-0,5364789","-19,87749","92,759",71,142,2,90,142,"1,577777778","84,45047212","142,3801557","1,685960447",3,Centro Democrático,Derecha,0,27
DFAM,Derecha,Femenino,Alta,Mayor,DORALBA MARQUEZ PLATA,2719901,"Ideología: Derecha. Sus focos son: Empleo y emprendimiento, Mujer, género y equidad y Participación ciudadana.",SANTANDER,27,SOCORRO,199,01,DORALBA MARQUEZ PLATA,5819,PARTIDO CENTRO DEMOCRATICO,11,F,55,52,Female,"0,417","86,388","7,9774165","2,4601872","-14,095655","68,85",77,148,"1,922077922",92,148,"1,608695652","87,34572348","148,4146213","1,699162997",2,Centro Democrático,Derecha,1,28
DFAM,Derecha,Femenino,Alta,Mayor,LIBIA STELLA OSORIO PELAEZ,10116002,"Ideología: Derecha. Sus focos son: Cultura, deporte y recreación, Participación ciudadana y Agro y desarrollo rural.",ANTIOQUIA,101,JERICO,160,02,LIBIA STELLA OSORIO PELAEZ,33,PARTIDO CENTRO DEMOCRATICO,11,F,54,62,Female,"0,359","94,595","-0,6586966","0,36359403","4,2688513","35,935",73,140,"1,917808219",79,140,"1,772151899","76,17555315","140,2070975","1,84057866",6,Centro Democrático,Derecha,1,30
DFBJ,Derecha,Femenino,Baja,Joven,ZULMA MILENA BARRETO PRADILLA,257901,"Ideología: Derecha. Sus focos son: Turismo, Agro y desarrollo rural y Cultura, deporte y recreación.",NORTE DE SANTANDER,25,SAN CAYETANO,79,01,ZULMA MILENA BARRETO PRADILLA,516,PARTIDO CENTRO DEMOCRATICO,11,F,42,40,Female,"0,3","91,568","-3,3667889","5,6133947","-0,5785698","8,28",112,171,"1,526785714",112,171,"1,526785714","112,4890809","171,0114773","1,520249575",4,Centro Democrático,Derecha,0,27
DFBJ,Derecha,Femenino,Baja,Joven,ANA CAROLINA CARVAJAL ARROYAVE,10122302,"Ideología: Derecha. Sus focos son: Educación, Participación ciudadana y Empleo y emprendimiento.",ANTIOQUIA,101,SAN ANDRES,223,02,ANA CAROLINA CARVAJAL ARROYAVE,1705,PARTIDO CENTRO DEMOCRATICO,11,F,35,26,Female,"1,049","92,441","3,5098302","1,4300152","-3,5387063","51,926",93,145,"1,559139785",94,145,"1,542553191","96,53657693","144,9087012","1,501075611",1,Centro Democrático,Derecha,0,25
DFBJ,Derecha,Femenino,Baja,Joven,LINA MARIA BETANCUR ISAZA,10112401,"Ideología: Derecha. Sus focos son: Empleo y emprendimiento, Cultura, deporte y recreación y Medio ambiente.",,,,,,,,,,,,,,,,,,,,,,,,,,,,,,,,,
DFBM,Derecha,Femenino,Baja,Mayor,DIANA JUDITH PEREZ MARQUEZ,285503,"Ideología: Derecha. Sus focos son: Paz y posconflicto, Cultura, deporte y recreación y Participación ciudadana.",SUCRE,28,LOS PALMITOS,55,03,DIANA JUDITH PEREZ MARQUEZ,7234,PARTIDO COLOMBIA JUSTA LIBRES,14,F,52,51,Female,"0,321","90,52","3,219648","8,270124","6,090397","13,731",105,144,"1,371428571",114,144,"1,263157895","110,704119","144,6725904","1,306840176",1,0,,0,
DFBM,Derecha,Femenino,Baja,Mayor,ELIZABETH BUILES RESTREPO,10119102,"Ideología: Derecha. Sus focos son: Participación ciudadana, Mujer, género y equidad y Primera infancia y familia.",ANTIOQUIA,101,NECHI,191,02,ELIZABETH BUILES RESTREPO,1154,PARTIDO CENTRO DEMOCRATICO,11,F,57,54,Female,"0,26","93,715","1,9991144","1,5066099","-2,1748338","29,563",78,119,"1,525641026",81,119,"1,469135802","79,84113619","119,1419754","1,492237976",5,Centro Democrático,Derecha,0,27
DFBM,Derecha,Femenino,Baja,Mayor,LICET AYALA SOLANO,480202,"Ideología: Derecha. Sus focos son: Participación ciudadana, Cultura, deporte y recreación y Medio ambiente.",LA GUAJIRA,48,ALBANIA,02,02,LICET AYALA SOLANO,1596,PARTIDO CENTRO DEMOCRATICO,11,F,48,43,Female,"0,197","23,649","19,474806","0,3489441","-7,064113","0,361",64,101,"1,578125",67,101,"1,507462687","66,71166391","100,1103453","1,500642308",3,Centro Democrático,Derecha,0,27
DMAJ,Derecha,Masculino,Alta,Joven,JESUS NOLBERTO MONROY MORENO,4686502,"Ideología: Derecha. Sus focos son: Salud, Empleo y emprendimiento y Participación ciudadana.",CASANARE,46,TRINIDAD,865,02,JESUS NOLBERTO MONROY MORENO,3002,PARTIDO CENTRO DEMOCRATICO,11,M,29,31,Male,"0,146","94,205","0,9806665","2,041488","4,2579937","1,296",74,165,"2,22972973",80,165,"2,0625","77,28538611","164,9900587","2,134815739",1,Centro Democrático,Derecha,1,10
DMAJ,Derecha,Masculino,Alta,Joven,FRAY DOMINGO MONTERROSA JARAMILLO,134902,"Ideología: Derecha. Sus focos son: Educación, Cultura, deporte y recreación y Salud.",CORDOBA,13,SAN CARLOS,49,02,FRAY DOMINGO MONTERROSA JARAMILLO,5212,PARTIDO CENTRO DEMOCRATICO,11,M,39,43,Male,"0,587","79,905","9,920778","-5,1692505","-7,014399","19,605",66,143,"2,166666667",75,143,"1,906666667","70,04238605","142,784547","2,038544873",2,Centro Democrático,Derecha,1,10
DMAJ,Derecha,Masculino,Alta,Joven,HERNAN ENRIQUE SINNING MENCO,1054302,"Ideología: Derecha. Sus focos son: Cultura, deporte y recreación, Educación y Participación ciudadana.",BOLIVAR,105,MOMPOS,43,02,HERNAN ENRIQUE SINNING MENCO,2130,PARTIDO COLOMBIA JUSTA LIBRES,14,M,43,46,Male,"0,516","90,124","-3,323611","-8,683915","5,1559505","2,618",69,147,"2,130434783",74,147,"1,986486486","72,31548741","147,0342745","2,033233541",3,0,,1,
DMAM,Derecha,Masculino,Alta,Mayor,NEWTON FLOREZ LINARES,199102,"Ideología: Derecha. Sus focos son: Turismo, Empleo y emprendimiento y Cultura, deporte y recreación.",HUILA,19,VILLAVIEJA,91,02,NEWTON FLOREZ LINARES,24,PARTIDO COLOMBIA JUSTA LIBRES,14,M,52,65,Male,"0,39","94,412","-0,094413705","-2,8384438","-15,950883","9,977",74,170,"2,297297297",100,170,"1,7","89,82905955","174,9967526","1,948108479",6,0,,1,
DMAM,Derecha,Masculino,Alta,Mayor,ISMAEL ORLANDO AREVALO OBREGOZO,2719602,"Ideología: Derecha. Sus focos son: Educación, Tecnologia y conectividad y Empleo y emprendimiento.",SANTANDER,27,SIMACOTA,196,02,ISMAEL ORLANDO AREVALO OBREGOZO,14,PARTIDO CENTRO DEMOCRATICO,11,M,60,59,Male,"0,335","76,075","-7,9527483","-14,139098","9,835264","0,274",65,144,"2,215384615",82,144,"1,756097561","76,35362718","146,837288","1,923121316",6,Centro Democrático,Derecha,1,10
DMAM,Derecha,Masculino,Alta,Mayor,RICARDO ARANGO GOMEZ,642802,"Ideología: Derecha. Sus focos son: Primera infancia y familia, Grupos etnicos y Infraestructura y vías.",PUTUMAYO,64,VALLE DEL GUAMUEZ,28,02,RICARDO ARANGO GOMEZ,432,PARTIDO COLOMBIA JUSTA LIBRES,14,M,54,56,Male,"0,344","77,904","-9,892372","-7,9626846","6,697007","1,755",92,199,"2,163043478",100,199,"1,99","97,08658428","197,7587907","2,03693221",4,0,,1,
DMBJ,Derecha,Masculino,Baja,Joven,WILFRE DE LA ROSA QUINTERO,1054402,"Ideología: Derecha. Sus focos son: Participación ciudadana, Empleo y emprendimiento y Medio ambiente.",,,,,,,,,,,,,,,,,,,,,,,,,,,,,,,,,
DMBJ,Derecha,Masculino,Baja,Joven,DANIEL OLAVE ORDOÑEZ,311903,,VALLE,31,BUENAVENTURA,19,03,DANIEL OLAVE ORDOÑEZ,1209,PARTIDO COLOMBIA JUSTA LIBRES,14,M,41,47,Male,"0,357","91,336","4,3555937","3,4708664","-0,3928648","13,976",119,183,"1,537815126",121,183,"1,512396694","120,681746","182,9956981","1,516349442",7,0,,0,
DMBJ,Derecha,Masculino,Baja,Joven,CARLOS MARIO MURGAS LACOUTURE,1058401,"Ideología: Derecha. Sus focos son: Empleo y emprendimiento, Agro y desarrollo rural y Infraestructura y vías.",BOLIVAR,105,SAN PABLO,84,01,CARLOS MARIO MURGAS LACOUTURE,1687,PARTIDO CENTRO DEMOCRATICO,11,M,41,27,Male,"0,361","90,644","5,1613693","2,86906","-1,9949287","79,607",108,168,"1,555555556",113,168,"1,486725664","114,637253","167,8981772","1,464603982",4,Centro Democrático,Derecha,0,7
DMBM,Derecha,Masculino,Baja,Mayor,OSCAR ERUIN BOLAÑOS CUBILLOS,524302,"Ideología: Derecha. Sus focos son: Empleo y emprendimiento, Agro y desarrollo rural y Grupos etnicos.",META,52,PUERTO GAITAN,43,02,OSCAR ERUIN BOLAÑOS CUBILLOS,290,PARTIDO COLOMBIA JUSTA LIBRES,14,M,56,63,Male,"0,784","90,436","4,7782555","4,3644853","-4,249237","5,046",122,173,"1,418032787",122,173,"1,418032787","124,9248322","172,3021671","1,379246736",4,0,,0,
DMBM,Derecha,Masculino,Baja,Mayor,JOSE RICARDO VALLEJO SANCHEZ,2912402,"Ideología: Derecha. Sus focos son: Mujer, género y equidad, Participación ciudadana y Medio ambiente.",TOLIMA,29,VILLAHERMOSA,124,02,JOSE RICARDO VALLEJO SANCHEZ,224,PARTIDO CENTRO DEMOCRATICO,11,M,48,48,Male,"0,36","92,772","2,5732987","3,8173404","3,1019154","21,541",92,135,"1,467391304",97,135,"1,391752577","94,90984262","134,8563186","1,420888654",3,Centro Democrático,Derecha,0,9
DMBM,Derecha,Masculino,Baja,Mayor,CARLOS GUILLERMO ATEHORTUA QUICENO,10129501,"Ideología: Derecha. Sus focos son: Mujer, género y equidad, Participación ciudadana y Cultura, deporte y recreación.",ANTIOQUIA,101,YARUMAL,295,01,CARLOS GUILLERMO ATEHORTUA QUICENO,4949,PARTIDO CENTRO DEMOCRATICO,11,M,56,52,Male,"0,102","72,961","-11,7563305","5,642546","2,0449154","31,428",81,122,"1,50617284",82,122,"1,487804878","82,12595277","121,9579886","1,485011553",2,Centro Democrático,Derecha,0,9
IFAJ,Izquierda,Femenino,Alta,Joven,ROSA DEL CARMEN PEREZ TOVAR,285502,"Ideología: Izquierda. Sus focos son: Empleo y emprendimiento, Participación ciudadana y Cultura, deporte y recreación.",SUCRE,28,LOS PALMITOS,55,02,ROSA DEL CARMEN PEREZ TOVAR,561,COLOMBIA HUMANA - UNIÃ“N PATRIÃ“TICA,10,F,41,45,Female,"0,248","28,257","18,798737","-1,3322147","-14,589961","11,347",67,138,"2,059701493",80,138,"1,725","75,67116389","139,091754","1,838107765",3,0,Izquierda,1,34
IFAJ,Izquierda,Femenino,Alta,Joven,MARBEL LUZ PERTUZ CHARRIS,1033501,"Ideología: Izquierda. Sus focos son: Educación, Transparencia y anticorrupcion y Agro y desarrollo rural.",ATLANTICO,103,PONEDERA,35,01,MARBEL LUZ PERTUZ CHARRIS,3108,MOVIMIENTO ALTERNATIVO INDIGENA Y SOCIAL MAIS,12,F,42,38,Female,"0,332","88,098","6,0308","6,2886343","-7,8600283","12,288",74,140,"1,891891892",79,140,"1,772151899","78,36465739","139,7787432","1,78369622",3,MAIS,Izquierda,1,34
IFAJ,Izquierda,Femenino,Alta,Joven,MARLET PATRICIA ALVAREZ TUIRAN,130703,"Ideología: Izquierda. Sus focos son: Empleo y emprendimiento, Salud y Mujer, género y equidad.",CORDOBA,13,BUENAVISTA,07,03,MARLET PATRICIA ALVAREZ TUIRAN,767,MOVIMIENTO ALTERNATIVO INDIGENA Y SOCIAL MAIS,12,F,38,39,Female,"0,359","92,713","2,1097097","5,1338177","-6,3253264","48,352",77,143,"1,857142857",85,143,"1,682352941","81,72820847","143,6718977","1,757923003",4,MAIS,Izquierda,1,34
IFAM,Izquierda,Femenino,Alta,Mayor,NUBIA CIRO ZULETA,10115409,"Ideología: Izquierda. Sus focos son: Agro y desarrollo rural, Cultura, deporte y recreación y Educación.",ANTIOQUIA,101,ITUANGO,154,09,NUBIA CIRO ZULETA,100,PARTIDO POLO DEMOCRATICO ALTERNATIVO,9,F,50,50,Female,"0,86","93,327","2,7725606","0,028708993","-7,2551446","0,26",60,108,"1,8",61,108,"1,770491803","63,18197004","107,8930386","1,707655499",9,Polo,Izquierda,1,34
IFAM,Izquierda,Femenino,Alta,Mayor,NATACHA PERDOMO DE LA OSSA,285002,"Ideología: Izquierda. Sus focos son: Participación ciudadana, Medio ambiente y Educación.",SUCRE,28,LA UNION,50,02,NATACHA PERDOMO DE LA OSSA,2045,MOVIMIENTO ALTERNATIVO INDIGENA Y SOCIAL MAIS,12,F,50,59,Female,"0,359","92,504","1,9082422","6,175271","-1,243408","14,242",95,175,"1,842105263",98,175,"1,785714286","97,04382998","174,9804927","1,803107861",2,MAIS,Izquierda,1,34
IFAM,Izquierda,Femenino,Alta,Mayor,LIGIA DEL CARMEN CORDOBA MARTINEZ,311907,"Ideología: Izquierda. Sus focos son: Cultura, deporte y recreación, Participación ciudadana y Mujer, género y equidad.",VALLE,31,BUENAVENTURA,19,07,LIGIA DEL CARMEN CORDOBA MARTINEZ,21386,ES POSIBLE PARTIDO DE LA U-MAIS,2167,F,50,42,Female,"0,261","91,935","4,0418105","2,5463686","7,1730723","1,295",97,172,"1,773195876",114,172,"1,50877193","108,4877014","174,0252488","1,604101171",4,0,,0,
IFBJ,Izquierda,Femenino,Baja,Joven,GLORIA PATRICIA GUZMAN OLIVERA,295803,"Ideología: Izquierda. Sus focos son: Cultura, deporte y recreación, Salud y Seguridad y convivencia.",TOLIMA,29,GUAMO,58,03,GLORIA PATRICIA GUZMAN OLIVERA,275,MOVIMIENTO ALTERNATIVO INDIGENA Y SOCIAL MAIS,12,F,43,37,Female,"0,369","91,794","-3,522756","4,510991","1,1206882","39,399",97,143,"1,474226804",97,143,"1,474226804","97,68554964","142,9922047","1,463800995",7,MAIS,Izquierda,0,33
IFBJ,Izquierda,Femenino,Baja,Joven,EVA JULIA VEGA GOMEZ,134903,"Ideología: Izquierda. Sus focos son: Participación ciudadana, Empleo y emprendimiento y Medio ambiente.",CORDOBA,13,SAN CARLOS,49,03,EVA JULIA VEGA GOMEZ,2411,MOVIMIENTO ALTERNATIVO INDIGENA Y SOCIAL MAIS,12,F,30,41,Female,"0,343","93,267","-0,12077908","7,071664","-2,1044273","20,21",97,146,"1,505154639",100,146,"1,46","98,64732346","146,23202","1,482371897",3,MAIS,Izquierda,0,33
IFBJ,Izquierda,Femenino,Baja,Joven,SHIRLEY PAOLA ORTIZ VALENCIA,541202,"Ideología: Izquierda. Sus focos son: Infraestructura y vías, Agro y desarrollo rural y Participación ciudadana.",GUAVIARE,54,MIRAFLORES,12,02,SHIRLEY PAOLA ORTIZ VALENCIA,4,MOVIMIENTO ALTERNATIVO INDIGENA Y SOCIAL MAIS,12,F,35,35,Female,"0,36","91,328","0,4548718","10,779894","-4,779877","54,155",110,178,"1,618181818",117,178,"1,521367521","114,4504562","178,2142278","1,557129903",3,MAIS,Izquierda,0,33
IFBM,Izquierda,Femenino,Baja,Mayor,ELSY DEL SOCORRO CARDONA GARCIA,1017605,"Ideología: Izquierda. Sus focos son: Participación ciudadana, Infraestructura y vías y Medio ambiente.",ANTIOQUIA,101,CAÑASGORDAS,76,05,ELSY DEL SOCORRO CARDONA GARCIA,5,PARTIDO POLO DEMOCRATICO ALTERNATIVO,9,F,51,63,Female,"0,362","93,235","1,7101359","-4,255835","-2,4856613","9,474",119,186,"1,56302521",120,186,"1,55","120,9697633","185,8683632","1,536486128",5,Polo,Izquierda,0,35
IFBM,Izquierda,Femenino,Baja,Mayor,BLANCA ROSA FERNANDEZ GUERRERO,211601,"Ideología: Izquierda. Sus focos son: Agro y desarrollo rural, Agua y saneamiento y Medio ambiente.",MAGDALENA,21,CIENAGA,16,01,BLANCA ROSA FERNANDEZ GUERRERO,9149,COLOMBIA HUMANA - UNIÃ“N PATRIÃ“TICA,10,F,54,54,Female,"0,337","89,692","5,748247","3,5531209","1,7709057","11,987",81,131,"1,617283951",87,131,"1,505747126","85,93864113","131,2464641","1,527211303",2,0,Izquierda,0,33
IFBM,Izquierda,Femenino,Baja,Mayor,LEIDY ISABEL GONZALEZ BETANCOURT,2912407,"Ideología: Izquierda. Sus focos son: Agro y desarrollo rural, Participación ciudadana y Cultura, deporte y recreación.",TOLIMA,29,VILLAHERMOSA,124,07,LEIDY ISABEL GONZALEZ BETANCOURT,134,PARTIDO POLO DEMOCRATICO ALTERNATIVO,9,F,53,53,Male,"0,98","89,738","-3,035288","9,544798","0,32385364","3,666",92,152,"1,652173913",93,152,"1,634408602","92,76677082","152,0032242","1,638552499",5,Polo,Izquierda,0,33
IMAJ,Izquierda,Masculino,Alta,Joven,SAUL ALFONSO LONDOÑO CASADIEGOS,1287501,"Ideología: Izquierda. Sus focos son: Participación ciudadana, Transparencia y anticorrupcion y Grupos etnicos.",CESAR,12,SAN MARTIN,875,01,SAUL ALFONSO LONDOÑO CASADIEGOS,956,MOVIMIENTO ALTERNATIVO INDIGENA Y SOCIAL MAIS,12,M,43,26,Male,"0,366","93,699","-0,9944397","-4,0748906","-0,7501911","10,383",74,160,"2,162162162",78,160,"2,051282051","77,49578278","160,0910289","2,065803107",3,MAIS,Izquierda,1,14
IMAJ,Izquierda,Masculino,Alta,Joven,RAFAEL RINCON CHIPIAJE,720601,"Ideología: Izquierda. Sus focos son: Educación, Salud y Participación ciudadana.",VICHADA,72,CUMARIBO,06,01,RAFAEL RINCON CHIPIAJE,2886,MOVIMIENTO ALTERNATIVO INDIGENA Y SOCIAL MAIS,12,M,30,37,Male,"0,141","87,263","5,991621","7,9721437","-7,193632","36,313",106,213,"2,009433962",111,213,"1,918918919","112,8042352","212,4504038","1,883354853",3,MAIS,Izquierda,1,16
IMAJ,Izquierda,Masculino,Alta,Joven,VICTOR MANUEL ARDILA ARIAS,1051002,"Ideología: Izquierda. Sus focos son: Empleo y emprendimiento, Participación ciudadana y Transparencia y anticorrupcion.",BOLIVAR,105,BARRANCO DE LOBA,10,02,VICTOR MANUEL ARDILA ARIAS,4,MOVIMIENTO ALTERNATIVO INDIGENA Y SOCIAL MAIS,12,M,41,34,Male,"0,381","83,63","9,168448","2,578427","-3,7969959","0,544",89,177,"1,988764045",94,177,"1,882978723","91,91705427","177,2736905","1,92862676",7,MAIS,Izquierda,1,16
IMAM,Izquierda,Masculino,Alta,Mayor,LUIS ENRIQUE RIVERA BARBOSA,250109,"Ideología: Izquierda. Sus focos son: Empleo y emprendimiento, Medio ambiente y Infraestructura y vías.",NORTE DE SANTANDER,25,San Jose de Cucuta,01,09,LUIS ENRIQUE RIVERA BARBOSA,841,PARTIDO POLO DEMOCRATICO ALTERNATIVO,9,M,64,58,Male,"0,374","92,726","-2,8441887","-3,2294748","14,933023","1,562",88,191,"2,170454545",101,191,"1,891089109","100,7471128","187,8994606","1,865060501",12,Polo,Izquierda,1,16
IMAM,Izquierda,Masculino,Alta,Mayor,JOSE EDGAR AREVALO SIERRA,2912103,"Ideología: Izquierda. Sus focos son: Cultura, deporte y recreación, Agua y saneamiento y Mujer, género y equidad.",TOLIMA,29,VENADILLO,121,03,JOSE EDGAR AREVALO SIERRA,127,MOVIMIENTO ALTERNATIVO INDIGENA Y SOCIAL MAIS,12,M,58,57,Male,"0,329","86,97","7,379104","3,9232812","1,597847","0,158",84,171,"2,035714286",89,171,"1,921348315","87,9615668","171,1008134","1,945176964",6,MAIS,Izquierda,1,16
IMAM,Izquierda,Masculino,Alta,Mayor,ALVEIRO MALAVER ECHEVERRIA,10716101,"Ideología: Izquierda. Sus focos son: Empleo y emprendimiento, Agua y saneamiento y Medio ambiente.",BOYACA,107,MOTAVITA,161,01,ALVEIRO MALAVER ECHEVERRIA,333,MOVIMIENTO ALTERNATIVO INDIGENA Y SOCIAL MAIS,12,M,53,38,Male,"0,065","94,266","-0,3844389","-3,2610874","0,61644614","3,664",85,172,"2,023529412",86,172,2,"86,36082197","171,9147334","1,990656521",5,MAIS,Izquierda,1,16
IMBJ,Izquierda,Masculino,Baja,Joven,ELMIS IRNETH CONTRERAS MACHUCA,1056302,"Ideología: Izquierda. Sus focos son: Educación, Salud y Primera infancia y familia.",,,,,,,,,,,,,,,,,,,,,,,,,,,,,,,,,
IMBJ,Izquierda,Masculino,Baja,Joven,LEYSI ERADIO VIDAL CORTES,234702,"Ideología: Izquierda. Sus focos son: Empleo y emprendimiento, Agro y desarrollo rural y Participación ciudadana.",NARIÑO,23,FRANCISCO PIZARRO,47,02,LEYSI ERADIO VIDAL CORTES,1831,MOVIMIENTO ALTERNATIVO INDIGENA Y SOCIAL MAIS,12,M,43,46,Male,"0,361","91,565","4,615578","1,7015793","-2,6488895","2,808",105,157,"1,495238095",105,157,"1,495238095","106,6439916","156,6473838","1,468881475",2,MAIS,Izquierda,0,15
IMBJ,Izquierda,Masculino,Baja,Joven,OSCAR HERNANDO PARRA APONTE,10723701,"Ideología: Izquierda. Sus focos son: Infraestructura y vías, Agua y saneamiento y Educación.",BOYACA,107,SAN EDUARDO,237,01,OSCAR HERNANDO PARRA APONTE,4,MOVIMIENTO ALTERNATIVO INDIGENA Y SOCIAL MAIS,12,M,45,61,Male,"0,36","87,816","4,4493585","10,284498","-4,008076","21,321",94,143,"1,521276596",99,143,"1,444444444","96,84556718","143,1395313","1,478018411",3,MAIS,Izquierda,0,17
IMBM,Izquierda,Masculino,Baja,Mayor,JOSE HILARIO LOPEZ NIÑO,10112103,"Ideología: Izquierda. Sus focos son: Seguridad y convivencia, Agro y desarrollo rural y Cultura, deporte y recreación.",ANTIOQUIA,101,ENVIGADO,121,03,JOSE HILARIO LOPEZ NIÑO,1987,PARTIDO POLO DEMOCRATICO ALTERNATIVO,9,M,65,74,Male,"0,092","93,484","2,5709925","1,0271691","-2,8453186","1,472",109,153,"1,403669725",112,153,"1,366071429","113,8475157","152,7617398","1,341810042",5,Polo,Izquierda,0,17
IMBM,Izquierda,Masculino,Baja,Mayor,ERNESTO MARIN PEÑARANDA,1522301,"Ideología: Izquierda. Sus focos son: Medio ambiente, Educación y Agua y saneamiento.",CUNDINAMARCA,15,SAN BERNARDO,223,01,ERNESTO MARIN PEÑARANDA,93,COLOMBIA HUMANA - UNIÃ“N PATRIÃ“TICA,10,M,63,61,Male,"0,12","88,566","-6,281036","-4,689699","-0,9523178","0,861",99,150,"1,515151515",99,150,"1,515151515","99,73423964","150,0291419","1,504289223",3,0,Izquierda,0,17
IMBM,Izquierda,Masculino,Baja,Mayor,ORLANDO SIERRA CHAVARRO,193402,"Ideología: Izquierda. Sus focos son: Empleo y emprendimiento, Grupos etnicos y Participación ciudadana.",HUILA,19,GARZON,34,02,ORLANDO SIERRA CHAVARRO,275,MOVIMIENTO ALTERNATIVO INDIGENA Y SOCIAL MAIS,12,M,56,70,Male,"1,011","90,424","4,4733405","5,093076","-3,3289604","2,107",89,135,"1,516853933",91,135,"1,483516484","91,4629094","135,1206119","1,477326851",5,MAIS,Izquierda,0,17
